"val","Overall"
"89.69832945238647","89.69832945238647"
