"val","Overall"
"61.27160052910053","61.27160052910053"
